rule,step,n,revenue,revenue_ci,efficiency,efficiency_ci,extension,extension_ci,late_share,late_share_ci,late_win,late_win_ci,sniper_win,sniper_win_ci,sniper_misalloc,sniper_misalloc_ci,cap_hit,cap_hit_ci,sold,sold_ci,d_revenue_vs_ref,d_revenue_vs_ref_ci,d_efficiency_vs_ref,d_efficiency_vs_ref_ci,ext_p95,payoff_proxy,payoff_incr,payoff_sniper
"ArtSphere: hard close, ladder cap 50",0.001,2,0.04837,0.00025,0.79019,0.00808,0.0,0.0,0.0002,0.00028,0.0,0.0,0.0,0.0,0.0,0.0,0.8982,0.00838,1.0,0.0,-0.28378,0.00646,-0.20981,0.00808,0.0,0.23414,,
"hard close, no cap",0.001,2,0.33214,0.00655,1.0,0.0,0.0,0.0,0.0002,0.00028,0.0002,0.00039,0.0,0.0,0.0,0.0,0.0,0.0,1.0,0.0,0.0,0.0,0.0,0.0,0.0,0.16535,,
"ArtSphere: hard close, ladder cap 50",0.001,4,0.14753,0.00033,0.82898,0.00525,0.0,0.0,0.00045,0.00029,0.0004,0.00055,0.0,0.0,0.0,0.0,0.998,0.00124,1.0,0.0,-0.44958,0.0055,-0.17075,0.00524,0.0,0.12778,,
"hard close, no cap",0.001,4,0.59711,0.00557,0.99973,0.00037,0.0,0.0,0.00045,0.00029,0.0006,0.00068,0.0,0.0,0.0,0.0,0.0,0.0,1.0,0.0,0.0,0.0,0.0,0.0,0.0,0.04967,,
"ArtSphere: hard close, ladder cap 50",0.001,8,0.34726,0.00035,0.89264,0.00306,0.0,0.0,0.00055,0.00023,0.0,0.0,0.0,0.0,0.0,0.0,1.0,0.0,1.0,0.0,-0.4275,0.00362,-0.10732,0.00306,0.0,0.05554,,
"hard close, no cap",0.001,8,0.77476,0.00365,0.99996,7e-05,0.0,0.0,0.00055,0.00023,0.0016,0.00111,0.0,0.0,0.0,0.0,0.0,0.0,1.0,0.0,0.0,0.0,0.0,0.0,0.0,0.01406,,
"ArtSphere: hard close, ladder cap 50",0.0025,2,0.11155,0.00093,0.84816,0.00671,0.0,0.0,0.0002,0.00028,0.0,0.0,0.0,0.0,0.0,0.0,0.755,0.01192,1.0,0.0,-0.22061,0.00605,-0.15184,0.00671,0.0,0.22012,,
"hard close, no cap",0.0025,2,0.33215,0.00655,1.0,0.0,0.0,0.0,0.0002,0.00028,0.0002,0.00039,0.0,0.0,0.0,0.0,0.0,0.0,1.0,0.0,0.0,0.0,0.0,0.0,0.0,0.16534,,
"ArtSphere: hard close, ladder cap 50",0.0025,4,0.34459,0.00162,0.87703,0.00426,0.0,0.0,0.00045,0.00029,0.0002,0.00039,0.0,0.0,0.0,0.0,0.9744,0.00438,1.0,0.0,-0.2525,0.00485,-0.1227,0.00425,0.0,0.08719,,
"hard close, no cap",0.0025,4,0.5971,0.00557,0.99973,0.00037,0.0,0.0,0.00045,0.00029,0.0006,0.00068,0.0,0.0,0.0,0.0,0.0,0.0,1.0,0.0,0.0,0.0,0.0,0.0,0.0,0.04967,,
"ArtSphere: hard close, ladder cap 50",0.0025,8,0.74206,0.00331,0.97941,0.00136,0.0,0.0,0.00055,0.00023,0.001,0.00088,0.0,0.0,0.0,0.0,0.9984,0.00111,1.0,0.0,-0.0327,0.00165,-0.02055,0.00136,0.0,0.01575,,
"hard close, no cap",0.0025,8,0.77476,0.00365,0.99996,7e-05,0.0,0.0,0.00055,0.00023,0.0016,0.00111,0.0,0.0,0.0,0.0,0.0,0.0,1.0,0.0,0.0,0.0,0.0,0.0,0.0,0.01406,,
"ArtSphere: hard close, ladder cap 50",0.005,2,0.19499,0.0023,0.91025,0.00492,0.0,0.0,0.0002,0.00028,0.0002,0.00039,0.0,0.0,0.0,0.0,0.5522,0.01378,1.0,0.0,-0.13727,0.00499,-0.08973,0.00492,0.0,0.199,,
"hard close, no cap",0.005,2,0.33226,0.00655,0.99997,3e-05,0.0,0.0,0.0002,0.00028,0.0002,0.00039,0.0,0.0,0.0,0.0,0.0,0.0,1.0,0.0,0.0,0.0,0.0,0.0,0.0,0.16529,,
"ArtSphere: hard close, ladder cap 50",0.005,4,0.54609,0.00461,0.96958,0.00211,0.0,0.0,0.00045,0.00029,0.0004,0.00055,0.0,0.0,0.0,0.0,0.8382,0.01021,1.0,0.0,-0.05101,0.00251,-0.03014,0.00208,0.0,0.05569,,
"hard close, no cap",0.005,4,0.5971,0.00557,0.99972,0.00037,0.0,0.0,0.00045,0.00029,0.0006,0.00068,0.0,0.0,0.0,0.0,0.0,0.0,1.0,0.0,0.0,0.0,0.0,0.0,0.0,0.04967,,
"ArtSphere: hard close, ladder cap 50",0.005,8,0.7728,0.00366,0.99896,0.00033,0.0,0.0,0.00055,0.00023,0.0014,0.00104,0.0,0.0,0.0,0.0,0.9336,0.0069,1.0,0.0,-0.00194,0.00046,-0.00098,0.00033,0.0,0.0142,,
"hard close, no cap",0.005,8,0.77474,0.00365,0.99994,7e-05,0.0,0.0,0.00055,0.00023,0.0016,0.00111,0.0,0.0,0.0,0.0,0.0,0.0,1.0,0.0,0.0,0.0,0.0,0.0,0.0,0.01407,,
"ArtSphere: hard close, ladder cap 50",0.01,2,0.2926,0.00484,0.97702,0.00209,0.0,0.0,0.0002,0.00028,0.0002,0.00039,0.0,0.0,0.0,0.0,0.2332,0.01172,0.9998,0.00039,-0.03963,0.00249,-0.02269,0.00206,0.0,0.17523,,
"hard close, no cap",0.01,2,0.33223,0.00655,0.99972,0.0004,0.0,0.0,0.0002,0.00028,0.0002,0.00039,0.0,0.0,0.0,0.0,0.0,0.0,0.9998,0.00039,0.0,0.0,0.0,0.0,0.0,0.16529,,
"ArtSphere: hard close, ladder cap 50",0.01,4,0.59403,0.00551,0.99814,0.0006,0.0,0.0,0.00045,0.00029,0.0006,0.00068,0.0,0.0,0.0,0.0,0.3458,0.01319,1.0,0.0,-0.00307,0.00065,-0.00153,0.00048,0.0,0.05007,,
"hard close, no cap",0.01,4,0.59709,0.00557,0.99967,0.00037,0.0,0.0,0.00045,0.00029,0.0006,0.00068,0.0,0.0,0.0,0.0,0.0,0.0,1.0,0.0,0.0,0.0,0.0,0.0,0.0,0.04966,,
"ArtSphere: hard close, ladder cap 50",0.01,8,0.77482,0.00365,0.99986,9e-05,0.0,0.0,0.00055,0.00023,0.0014,0.00104,0.0,0.0,0.0,0.0,0.361,0.01331,1.0,0.0,1e-05,4e-05,-2e-05,5e-05,0.0,0.01405,,
"hard close, no cap",0.01,8,0.77482,0.00365,0.99988,8e-05,0.0,0.0,0.00055,0.00023,0.0014,0.00104,0.0,0.0,0.0,0.0,0.0,0.0,1.0,0.0,0.0,0.0,0.0,0.0,0.0,0.01405,,
