rule,param,value,revenue,revenue_ci,efficiency,efficiency_ci,extension,extension_ci,late_share,late_share_ci,late_win,late_win_ci,sniper_win,sniper_win_ci,sniper_misalloc,sniper_misalloc_ci,cap_hit,cap_hit_ci,sold,sold_ci,d_revenue_vs_ref,d_revenue_vs_ref_ci,d_efficiency_vs_ref,d_efficiency_vs_ref_ci,d_revenue_vs_hard,d_revenue_vs_hard_ci,d_efficiency_vs_hard,d_efficiency_vs_hard_ci,ext_p95,payoff_proxy,payoff_incr,payoff_sniper
"ArtSphere: hard close, ladder cap 50",q,0.0,0.67554,0.00476,0.98016,0.00208,0.0,0.0,0.06721,0.00329,0.2982,0.01268,0.2974,0.01267,0.0908,0.00797,0.0932,0.00806,1.0,0.0,0.0,0.0,0.0,0.0,-0.00122,0.00039,-0.00076,0.00032,0.0,0.02314,0.02099,0.04538
"hard close, no cap",q,0.0,0.67675,0.00478,0.98092,0.00206,0.0,0.0,0.06687,0.00328,0.2996,0.0127,0.2988,0.01269,0.0888,0.00789,0.0,0.0,1.0,0.0,0.00122,0.00039,0.00076,0.00032,0.0,0.0,0.0,0.0,0.0,0.02289,0.02099,0.04545
soft close 5 min,q,0.0,0.68796,0.00467,0.98806,0.00162,2.66876,0.10876,0.07245,0.00347,0.2604,0.01217,0.2598,0.01216,0.0502,0.00605,0.0,0.0,1.0,0.0,0.01242,0.00148,0.0079,0.0014,0.01121,0.00144,0.00714,0.00136,9.783,0.02287,0.02354,0.03635
"ArtSphere: hard close, ladder cap 50",q,0.1,0.67044,0.00483,0.97869,0.00215,0.0,0.0,0.06214,0.00317,0.2762,0.01239,0.2754,0.01238,0.0858,0.00776,0.093,0.00805,1.0,0.0,0.0,0.0,0.0,0.0,-0.00117,0.00038,-0.00077,0.00033,0.0,0.02416,0.02226,0.04408
"hard close, no cap",q,0.1,0.67162,0.00485,0.97946,0.00213,0.0,0.0,0.06173,0.00316,0.2774,0.01241,0.2766,0.0124,0.084,0.00769,0.0,0.0,1.0,0.0,0.00117,0.00038,0.00077,0.00033,0.0,0.0,0.0,0.0,0.0,0.02391,0.02226,0.0442
soft close 5 min,q,0.1,0.68352,0.00472,0.98629,0.00172,2.47649,0.10545,0.06765,0.00339,0.2444,0.01191,0.2438,0.0119,0.049,0.00598,0.0,0.0,1.0,0.0,0.01308,0.00153,0.0076,0.00138,0.01191,0.00149,0.00683,0.00134,9.74,0.02382,0.02454,0.03495
"ArtSphere: hard close, ladder cap 50",q,0.2,0.66483,0.00492,0.97503,0.00234,0.0,0.0,0.05539,0.00299,0.2524,0.01204,0.2516,0.01203,0.0848,0.00772,0.0924,0.00803,1.0,0.0,0.0,0.0,0.0,0.0,-0.00124,0.00039,-0.00078,0.00034,0.0,0.02522,0.02397,0.04073
"hard close, no cap",q,0.2,0.66607,0.00494,0.97581,0.00232,0.0,0.0,0.05502,0.00298,0.2536,0.01206,0.2528,0.01205,0.0832,0.00766,0.0,0.0,1.0,0.0,0.00124,0.00039,0.00078,0.00034,0.0,0.0,0.0,0.0,0.0,0.02499,0.02397,0.04076
soft close 5 min,q,0.2,0.67814,0.0048,0.98324,0.00191,2.23965,0.10139,0.06118,0.00325,0.2248,0.01157,0.2242,0.01156,0.0482,0.00594,0.0,0.0,1.0,0.0,0.01331,0.00157,0.00821,0.00145,0.01207,0.00153,0.00743,0.00141,9.691,0.02489,0.02601,0.03224
"ArtSphere: hard close, ladder cap 50",q,0.4,0.65402,0.00509,0.96773,0.00269,0.0,0.0,0.04293,0.00264,0.1986,0.01106,0.198,0.01105,0.0738,0.00725,0.0914,0.00799,1.0,0.0,0.0,0.0,0.0,0.0,-0.00137,0.00042,-0.00081,0.00035,0.0,0.02734,0.02736,0.03375
"hard close, no cap",q,0.4,0.65539,0.00511,0.96854,0.00267,0.0,0.0,0.0426,0.00263,0.2,0.01109,0.1994,0.01108,0.073,0.00721,0.0,0.0,1.0,0.0,0.00137,0.00042,0.00081,0.00035,0.0,0.0,0.0,0.0,0.0,0.02708,0.02736,0.03377
soft close 5 min,q,0.4,0.66601,0.00499,0.97449,0.00239,1.72929,0.08952,0.04779,0.00291,0.1796,0.01064,0.1792,0.01063,0.0478,0.00591,0.0,0.0,1.0,0.0,0.01199,0.00155,0.00676,0.00132,0.01062,0.00149,0.00595,0.00127,9.495,0.02697,0.02886,0.02647
"ArtSphere: hard close, ladder cap 50",q,0.6,0.64245,0.00528,0.96193,0.00293,0.0,0.0,0.03038,0.00224,0.1428,0.0097,0.1424,0.00969,0.0588,0.00652,0.088,0.00785,1.0,0.0,0.0,0.0,0.0,0.0,-0.00131,0.00042,-0.00076,0.00034,0.0,0.03006,0.03125,0.02617
"hard close, no cap",q,0.6,0.64376,0.0053,0.96269,0.00291,0.0,0.0,0.0302,0.00223,0.1442,0.00974,0.1438,0.00973,0.0584,0.0065,0.0,0.0,1.0,0.0,0.00131,0.00042,0.00076,0.00034,0.0,0.0,0.0,0.0,0.0,0.02977,0.03125,0.02622
soft close 5 min,q,0.6,0.65284,0.00519,0.9675,0.00271,1.22613,0.07571,0.03428,0.00251,0.1296,0.00931,0.1292,0.0093,0.0388,0.00535,0.0,0.0,1.0,0.0,0.01039,0.00153,0.00557,0.00116,0.00908,0.00148,0.00481,0.00111,6.953,0.02964,0.0324,0.02018
"ArtSphere: hard close, ladder cap 50",sniper_share,0.0,0.70098,0.00448,0.99557,0.00091,0.0,0.0,0.00055,0.00024,0.001,0.00088,0.0,0.0,0.0,0.0,0.09,0.00793,1.0,0.0,0.0,0.0,0.0,0.0,-0.00036,0.00021,-0.00014,0.00013,0.0,0.02352,0.02603,
"hard close, no cap",sniper_share,0.0,0.70134,0.00449,0.99571,0.0009,0.0,0.0,0.00055,0.00024,0.001,0.00088,0.0,0.0,0.0,0.0,0.0,0.0,1.0,0.0,0.00036,0.00021,0.00014,0.00013,0.0,0.0,0.0,0.0,0.0,0.02343,0.02604,
soft close 5 min,sniper_share,0.0,0.70141,0.00448,0.99583,0.00089,0.09125,0.01855,0.00083,0.00029,0.0008,0.00078,0.0,0.0,0.0,0.0,0.0,0.0,1.0,0.0,0.00043,0.00021,0.00026,0.00036,7e-05,3e-05,0.00012,0.00033,0.0,0.02343,0.02605,
"ArtSphere: hard close, ladder cap 50",sniper_share,0.1,0.68169,0.00472,0.98376,0.00186,0.0,0.0,0.02554,0.00193,0.134,0.00944,0.133,0.00941,0.0482,0.00594,0.0922,0.00802,1.0,0.0,0.0,0.0,0.0,0.0,-0.00079,0.00032,-0.00039,0.00022,0.0,0.02413,0.02496,0.04172
"hard close, no cap",sniper_share,0.1,0.68249,0.00473,0.98414,0.00185,0.0,0.0,0.0254,0.00192,0.1344,0.00946,0.1334,0.00943,0.0476,0.0059,0.0,0.0,1.0,0.0,0.00079,0.00032,0.00039,0.00022,0.0,0.0,0.0,0.0,0.0,0.02397,0.02496,0.04167
soft close 5 min,sniper_share,0.1,0.68963,0.00463,0.9885,0.00158,1.1386,0.07275,0.029,0.00216,0.1134,0.00879,0.1128,0.00877,0.025,0.00433,0.0,0.0,1.0,0.0,0.00794,0.00125,0.00475,0.00105,0.00715,0.00121,0.00436,0.00103,6.032,0.02395,0.02614,0.031
"ArtSphere: hard close, ladder cap 50",sniper_share,0.2,0.66483,0.00492,0.97503,0.00234,0.0,0.0,0.05539,0.00299,0.2524,0.01204,0.2516,0.01203,0.0848,0.00772,0.0924,0.00803,1.0,0.0,0.0,0.0,0.0,0.0,-0.00124,0.00039,-0.00078,0.00034,0.0,0.02522,0.02397,0.04073
"hard close, no cap",sniper_share,0.2,0.66607,0.00494,0.97581,0.00232,0.0,0.0,0.05502,0.00298,0.2536,0.01206,0.2528,0.01205,0.0832,0.00766,0.0,0.0,1.0,0.0,0.00124,0.00039,0.00078,0.00034,0.0,0.0,0.0,0.0,0.0,0.02499,0.02397,0.04076
soft close 5 min,sniper_share,0.2,0.67814,0.0048,0.98324,0.00191,2.23965,0.10139,0.06118,0.00325,0.2248,0.01157,0.2242,0.01156,0.0482,0.00594,0.0,0.0,1.0,0.0,0.01331,0.00157,0.00821,0.00145,0.01207,0.00153,0.00743,0.00141,9.691,0.02489,0.02601,0.03224
"ArtSphere: hard close, ladder cap 50",sniper_share,0.4,0.63604,0.00524,0.95705,0.00313,0.0,0.0,0.16273,0.00583,0.4874,0.01386,0.4868,0.01386,0.1592,0.01014,0.1244,0.00915,1.0,0.0,0.0,0.0,0.0,0.0,-0.00343,0.00065,-0.00195,0.00054,0.0,0.0276,0.01905,0.04011
"hard close, no cap",sniper_share,0.4,0.63948,0.00529,0.959,0.0031,0.0,0.0,0.16047,0.00578,0.4942,0.01386,0.4936,0.01386,0.1536,0.01,0.0,0.0,1.0,0.0,0.00343,0.00065,0.00195,0.00054,0.0,0.0,0.0,0.0,0.0,0.02691,0.01905,0.03994
soft close 5 min,sniper_share,0.4,0.66602,0.00504,0.97527,0.00237,5.07114,0.14888,0.17356,0.00607,0.4432,0.01377,0.4426,0.01377,0.0828,0.00764,0.0,0.0,1.0,0.0,0.02998,0.00245,0.01822,0.00218,0.02655,0.00238,0.01626,0.00212,14.654,0.02651,0.02392,0.03149
"ArtSphere: hard close, ladder cap 50",sniper_share,0.6,0.61877,0.00544,0.94716,0.00345,0.0,0.0,0.35538,0.00837,0.6776,0.01296,0.6774,0.01296,0.2078,0.01125,0.185,0.01076,1.0,0.0,0.0,0.0,0.0,0.0,-0.00836,0.00108,-0.00423,0.00079,0.0,0.03116,0.01481,0.03717
"hard close, no cap",sniper_share,0.6,0.62713,0.00553,0.9514,0.0034,0.0,0.0,0.35064,0.00835,0.6872,0.01285,0.687,0.01285,0.1922,0.01092,0.0,0.0,1.0,0.0,0.00836,0.00108,0.00423,0.00079,0.0,0.0,0.0,0.0,0.0,0.02867,0.01481,0.03675
soft close 5 min,sniper_share,0.6,0.66212,0.00514,0.97192,0.00259,8.75189,0.17938,0.36972,0.00851,0.6382,0.01332,0.6378,0.01332,0.101,0.00835,0.0,0.0,1.0,0.0,0.04336,0.00287,0.02476,0.00238,0.035,0.00271,0.02052,0.00226,19.377,0.02746,0.02174,0.03008
"ArtSphere: hard close, ladder cap 50",react,1.0,0.67734,0.00482,0.98178,0.00201,0.0,0.0,0.05453,0.00303,0.2368,0.01178,0.2362,0.01177,0.0696,0.00705,0.0912,0.00798,1.0,0.0,0.0,0.0,0.0,0.0,-0.00115,0.00038,-0.00071,0.00032,0.0,0.02508,0.02358,0.03634
"hard close, no cap",react,1.0,0.67849,0.00483,0.9825,0.00199,0.0,0.0,0.05417,0.00302,0.2378,0.0118,0.2372,0.01179,0.068,0.00698,0.0,0.0,1.0,0.0,0.00115,0.00038,0.00071,0.00032,0.0,0.0,0.0,0.0,0.0,0.02486,0.02358,0.03636
soft close 5 min,react,1.0,0.69838,0.00458,0.99395,0.00119,2.09884,0.10352,0.06576,0.00356,0.1832,0.01072,0.1826,0.01071,0.0076,0.00241,0.0,0.0,1.0,0.0,0.02103,0.00196,0.01217,0.00164,0.01989,0.00193,0.01145,0.00161,9.679,0.02477,0.02694,0.02163
"ArtSphere: hard close, ladder cap 50",react,5.0,0.67127,0.00487,0.97804,0.0022,0.0,0.0,0.05467,0.00299,0.2472,0.01196,0.2464,0.01195,0.0796,0.0075,0.0918,0.008,1.0,0.0,0.0,0.0,0.0,0.0,-0.00122,0.00039,-0.00073,0.00033,0.0,0.02514,0.02345,0.03882
"hard close, no cap",react,5.0,0.67249,0.00488,0.97878,0.00218,0.0,0.0,0.0543,0.00298,0.2484,0.01198,0.2476,0.01197,0.0782,0.00744,0.0,0.0,1.0,0.0,0.00122,0.00039,0.00073,0.00033,0.0,0.0,0.0,0.0,0.0,0.02491,0.02345,0.03881
soft close 5 min,react,5.0,0.68802,0.0047,0.98878,0.00156,2.20355,0.1008,0.06252,0.00335,0.2046,0.01118,0.204,0.01117,0.0292,0.00467,0.0,0.0,1.0,0.0,0.01675,0.00174,0.01073,0.00159,0.01553,0.0017,0.01,0.00156,9.691,0.02483,0.02646,0.02732
"ArtSphere: hard close, ladder cap 50",react,10.0,0.66483,0.00492,0.97503,0.00234,0.0,0.0,0.05539,0.00299,0.2524,0.01204,0.2516,0.01203,0.0848,0.00772,0.0924,0.00803,1.0,0.0,0.0,0.0,0.0,0.0,-0.00124,0.00039,-0.00078,0.00034,0.0,0.02522,0.02397,0.04073
"hard close, no cap",react,10.0,0.66607,0.00494,0.97581,0.00232,0.0,0.0,0.05502,0.00298,0.2536,0.01206,0.2528,0.01205,0.0832,0.00766,0.0,0.0,1.0,0.0,0.00124,0.00039,0.00078,0.00034,0.0,0.0,0.0,0.0,0.0,0.02499,0.02397,0.04076
soft close 5 min,react,10.0,0.67814,0.0048,0.98324,0.00191,2.23965,0.10139,0.06118,0.00325,0.2248,0.01157,0.2242,0.01156,0.0482,0.00594,0.0,0.0,1.0,0.0,0.01331,0.00157,0.00821,0.00145,0.01207,0.00153,0.00743,0.00141,9.691,0.02489,0.02601,0.03224
"ArtSphere: hard close, ladder cap 50",react,30.0,0.64282,0.00521,0.96331,0.00291,0.0,0.0,0.05924,0.00303,0.268,0.01228,0.2672,0.01227,0.1008,0.00835,0.0978,0.00823,1.0,0.0,0.0,0.0,0.0,0.0,-0.00137,0.00041,-0.00087,0.00036,0.0,0.02555,0.02528,0.04718
"hard close, no cap",react,30.0,0.64419,0.00523,0.96417,0.0029,0.0,0.0,0.05884,0.00302,0.2692,0.0123,0.2684,0.01228,0.099,0.00828,0.0,0.0,1.0,0.0,0.00137,0.00041,0.00087,0.00036,0.0,0.0,0.0,0.0,0.0,0.02532,0.02528,0.04718
soft close 5 min,react,30.0,0.65267,0.00511,0.96921,0.00266,2.27684,0.09957,0.06301,0.00322,0.2556,0.01209,0.2548,0.01208,0.0784,0.00745,0.0,0.0,1.0,0.0,0.00985,0.00143,0.0059,0.00127,0.00848,0.00137,0.00504,0.00122,9.684,0.02524,0.0264,0.04172
"ArtSphere: hard close, ladder cap 50",react,60.0,0.62621,0.00557,0.95099,0.00348,0.0,0.0,0.06364,0.00308,0.2806,0.01245,0.2798,0.01244,0.1138,0.0088,0.103,0.00843,1.0,0.0,0.0,0.0,0.0,0.0,-0.00166,0.00046,-0.00102,0.00038,0.0,0.02613,0.02467,0.05223
"hard close, no cap",react,60.0,0.62786,0.0056,0.952,0.00347,0.0,0.0,0.06322,0.00307,0.2824,0.01248,0.2816,0.01247,0.1116,0.00873,0.0,0.0,1.0,0.0,0.00166,0.00046,0.00102,0.00038,0.0,0.0,0.0,0.0,0.0,0.02583,0.02467,0.05225
soft close 5 min,react,60.0,0.63676,0.00544,0.95741,0.00323,2.34179,0.10037,0.06709,0.00324,0.2732,0.01235,0.2724,0.01234,0.0954,0.00814,0.0,0.0,1.0,0.0,0.01055,0.00159,0.00642,0.00139,0.00889,0.00153,0.00541,0.00134,9.691,0.02572,0.02584,0.04668
"ArtSphere: hard close, ladder cap 50",n,2,0.24095,0.00599,0.93249,0.00529,0.0,0.0,0.16484,0.00763,0.2084,0.01126,0.2082,0.01126,0.07,0.00707,0.0736,0.00724,0.9974,0.00141,0.0,0.0,0.0,0.0,-0.01296,0.00154,-0.00699,0.00118,0.0,0.19317,0.15796,0.23521
"hard close, no cap",n,2,0.25391,0.0066,0.93948,0.00522,0.0,0.0,0.16484,0.00763,0.2224,0.01153,0.2222,0.01152,0.0676,0.00696,0.0,0.0,0.9974,0.00141,0.01296,0.00154,0.00699,0.00118,0.0,0.0,0.0,0.0,0.0,0.18256,0.15796,0.23944
soft close 5 min,n,2,0.27029,0.00662,0.95175,0.00468,1.72329,0.07615,0.17274,0.00793,0.201,0.01111,0.2008,0.01111,0.0436,0.00566,0.0,0.0,0.9974,0.00141,0.02934,0.00286,0.01926,0.00291,0.01638,0.00248,0.01227,0.00268,7.495,0.18256,0.16649,0.20036
"ArtSphere: hard close, ladder cap 50",n,3,0.42215,0.0065,0.94443,0.00436,0.0,0.0,0.11203,0.00566,0.2144,0.01138,0.2138,0.01137,0.0818,0.0076,0.1044,0.00848,0.9998,0.00039,0.0,0.0,0.0,0.0,-0.01034,0.00134,-0.00567,0.00102,0.0,0.09296,0.07965,0.12529
"hard close, no cap",n,3,0.43248,0.00678,0.9501,0.00429,0.0,0.0,0.11057,0.00563,0.2254,0.01158,0.2248,0.01157,0.0768,0.00738,0.0,0.0,0.9998,0.00039,0.01034,0.00134,0.00567,0.00102,0.0,0.0,0.0,0.0,0.0,0.08802,0.07966,0.12638
soft close 5 min,n,3,0.45121,0.00662,0.96356,0.0037,1.99512,0.09156,0.11971,0.00603,0.195,0.01098,0.1944,0.01097,0.0416,0.00554,0.0,0.0,0.9998,0.00039,0.02907,0.00269,0.01913,0.00248,0.01873,0.00239,0.01346,0.00229,9.612,0.08728,0.08632,0.09854
"ArtSphere: hard close, ladder cap 50",n,4,0.533,0.00607,0.96042,0.00336,0.0,0.0,0.08615,0.00442,0.2322,0.0117,0.2314,0.01169,0.0854,0.00775,0.104,0.00846,1.0,0.0,0.0,0.0,0.0,0.0,-0.00486,0.00088,-0.00279,0.00067,0.0,0.05669,0.04703,0.08102
"hard close, no cap",n,4,0.53786,0.00617,0.96322,0.00331,0.0,0.0,0.08454,0.00438,0.2406,0.01185,0.2398,0.01184,0.082,0.00761,0.0,0.0,1.0,0.0,0.00486,0.00088,0.00279,0.00067,0.0,0.0,0.0,0.0,0.0,0.05484,0.04702,0.08178
soft close 5 min,n,4,0.55521,0.00599,0.9744,0.00274,2.15578,0.09681,0.09289,0.00472,0.2072,0.01124,0.2062,0.01122,0.0436,0.00566,0.0,0.0,1.0,0.0,0.02221,0.00231,0.01397,0.00201,0.01735,0.00215,0.01118,0.00191,9.636,0.05449,0.05147,0.06303
"ArtSphere: hard close, ladder cap 50",n,6,0.66483,0.00492,0.97503,0.00234,0.0,0.0,0.05539,0.00299,0.2524,0.01204,0.2516,0.01203,0.0848,0.00772,0.0924,0.00803,1.0,0.0,0.0,0.0,0.0,0.0,-0.00124,0.00039,-0.00078,0.00034,0.0,0.02522,0.02397,0.04073
"hard close, no cap",n,6,0.66607,0.00494,0.97581,0.00232,0.0,0.0,0.05502,0.00298,0.2536,0.01206,0.2528,0.01205,0.0832,0.00766,0.0,0.0,1.0,0.0,0.00124,0.00039,0.00078,0.00034,0.0,0.0,0.0,0.0,0.0,0.02499,0.02397,0.04076
soft close 5 min,n,6,0.67814,0.0048,0.98324,0.00191,2.23965,0.10139,0.06118,0.00325,0.2248,0.01157,0.2242,0.01156,0.0482,0.00594,0.0,0.0,1.0,0.0,0.01331,0.00157,0.00821,0.00145,0.01207,0.00153,0.00743,0.00141,9.691,0.02489,0.02601,0.03224
"ArtSphere: hard close, ladder cap 50",n,8,0.74406,0.00414,0.98117,0.00189,0.0,0.0,0.0413,0.00236,0.2282,0.01163,0.2274,0.01162,0.0756,0.00733,0.0954,0.00814,1.0,0.0,0.0,0.0,0.0,0.0,-0.00031,0.00014,-0.00023,0.00018,0.0,0.01562,0.01315,0.02147
"hard close, no cap",n,8,0.74437,0.00414,0.9814,0.00188,0.0,0.0,0.04127,0.00236,0.2288,0.01164,0.228,0.01163,0.0752,0.00731,0.0,0.0,1.0,0.0,0.00031,0.00014,0.00023,0.00018,0.0,0.0,0.0,0.0,0.0,0.01558,0.01316,0.02148
soft close 5 min,n,8,0.7527,0.00401,0.98671,0.00154,2.01261,0.09656,0.04602,0.00259,0.2006,0.0111,0.1994,0.01108,0.044,0.00569,0.0,0.0,1.0,0.0,0.00864,0.00117,0.00554,0.0011,0.00833,0.00116,0.00531,0.00108,9.621,0.01554,0.0144,0.01686
"ArtSphere: hard close, ladder cap 50",n,12,0.82683,0.00295,0.98978,0.0011,0.0,0.0,0.0311,0.00171,0.2358,0.01177,0.2358,0.01177,0.075,0.0073,0.097,0.0082,1.0,0.0,0.0,0.0,0.0,0.0,-4e-05,7e-05,-3e-05,6e-05,0.0,0.00696,0.00585,0.01023
"hard close, no cap",n,12,0.82687,0.00295,0.98981,0.0011,0.0,0.0,0.03104,0.00171,0.2354,0.01176,0.2354,0.01176,0.0746,0.00728,0.0,0.0,1.0,0.0,4e-05,7e-05,3e-05,6e-05,0.0,0.0,0.0,0.0,0.0,0.00695,0.00585,0.01022
soft close 5 min,n,12,0.83213,0.00287,0.99274,0.00091,2.01106,0.09487,0.03445,0.00189,0.2092,0.01128,0.209,0.01127,0.045,0.00575,0.0,0.0,1.0,0.0,0.00531,0.00078,0.00297,0.00062,0.00527,0.00077,0.00294,0.00061,9.613,0.00692,0.00634,0.00828
"ArtSphere: hard close, ladder cap 50",step,0.001,0.5317,0.00639,0.90487,0.00456,0.0,0.0,0.0629,0.00325,0.2462,0.01194,0.2452,0.01193,0.163,0.01024,0.4866,0.01386,1.0,0.0,0.0,0.0,0.0,0.0,-0.08815,0.00464,-0.0409,0.00286,0.0,0.04418,0.02463,0.06212
"hard close, no cap",step,0.001,0.61984,0.0059,0.94577,0.00385,0.0,0.0,0.05261,0.00293,0.2908,0.01259,0.29,0.01258,0.119,0.00898,0.0,0.0,1.0,0.0,0.08815,0.00464,0.0409,0.00286,0.0,0.0,0.0,0.0,0.0,0.02506,0.02467,0.05599
soft close 5 min,step,0.001,0.64568,0.00543,0.96195,0.00316,3.18831,0.13615,0.06021,0.00319,0.2356,0.01176,0.235,0.01175,0.0572,0.00644,0.0,0.0,1.0,0.0,0.11398,0.00513,0.05708,0.00365,0.02583,0.00261,0.01618,0.0024,13.154,0.02495,0.02941,0.03694
"ArtSphere: hard close, ladder cap 50",step,0.005,0.63973,0.00501,0.95915,0.00291,0.0,0.0,0.0557,0.00303,0.2456,0.01193,0.2448,0.01192,0.1028,0.00842,0.2898,0.01258,1.0,0.0,0.0,0.0,0.0,0.0,-0.01356,0.00144,-0.00932,0.00127,0.0,0.02768,0.02455,0.04387
"hard close, no cap",step,0.005,0.65329,0.00509,0.96847,0.00268,0.0,0.0,0.05352,0.00296,0.2634,0.01221,0.2626,0.0122,0.092,0.00801,0.0,0.0,1.0,0.0,0.01356,0.00144,0.00932,0.00127,0.0,0.0,0.0,0.0,0.0,0.02501,0.02456,0.04477
soft close 5 min,step,0.005,0.66842,0.0049,0.97762,0.00221,2.47705,0.10952,0.06016,0.00322,0.2266,0.01161,0.226,0.01159,0.0486,0.00596,0.0,0.0,1.0,0.0,0.02869,0.00226,0.01847,0.00203,0.01514,0.00181,0.00915,0.00162,9.837,0.0249,0.02712,0.03397
"ArtSphere: hard close, ladder cap 50",step,0.01,0.66483,0.00492,0.97503,0.00234,0.0,0.0,0.05539,0.00299,0.2524,0.01204,0.2516,0.01203,0.0848,0.00772,0.0924,0.00803,1.0,0.0,0.0,0.0,0.0,0.0,-0.00124,0.00039,-0.00078,0.00034,0.0,0.02522,0.02397,0.04073
"hard close, no cap",step,0.01,0.66607,0.00494,0.97581,0.00232,0.0,0.0,0.05502,0.00298,0.2536,0.01206,0.2528,0.01205,0.0832,0.00766,0.0,0.0,1.0,0.0,0.00124,0.00039,0.00078,0.00034,0.0,0.0,0.0,0.0,0.0,0.02499,0.02397,0.04076
soft close 5 min,step,0.01,0.67814,0.0048,0.98324,0.00191,2.23965,0.10139,0.06118,0.00325,0.2248,0.01157,0.2242,0.01156,0.0482,0.00594,0.0,0.0,1.0,0.0,0.01331,0.00157,0.00821,0.00145,0.01207,0.00153,0.00743,0.00141,9.691,0.02489,0.02601,0.03224
"ArtSphere: hard close, ladder cap 50",step,0.02,0.67256,0.00486,0.97912,0.00215,0.0,0.0,0.05721,0.00303,0.2462,0.01194,0.2456,0.01193,0.0782,0.00744,0.0,0.0,1.0,0.0,0.0,0.0,0.0,0.0,0.0,0.0,0.0,0.0,0.0,0.02506,0.02366,0.03829
"hard close, no cap",step,0.02,0.67256,0.00486,0.97912,0.00215,0.0,0.0,0.05721,0.00303,0.2462,0.01194,0.2456,0.01193,0.0782,0.00744,0.0,0.0,1.0,0.0,0.0,0.0,0.0,0.0,0.0,0.0,0.0,0.0,0.0,0.02506,0.02366,0.03829
soft close 5 min,step,0.02,0.68215,0.00475,0.98484,0.00182,2.04575,0.09543,0.06313,0.0033,0.2256,0.01159,0.2252,0.01158,0.0516,0.00613,0.0,0.0,1.0,0.0,0.00959,0.00136,0.00571,0.00119,0.00959,0.00136,0.00571,0.00119,9.653,0.025,0.02515,0.03164
"ArtSphere: hard close, ladder cap 50",step,0.05,0.67713,0.00475,0.981,0.002,0.0,0.0,0.06085,0.00315,0.2332,0.01172,0.2326,0.01171,0.0706,0.0071,0.0,0.0,1.0,0.0,0.0,0.0,0.0,0.0,0.0,0.0,0.0,0.0,0.0,0.02515,0.02408,0.03484
"hard close, no cap",step,0.05,0.67713,0.00475,0.981,0.002,0.0,0.0,0.06085,0.00315,0.2332,0.01172,0.2326,0.01171,0.0706,0.0071,0.0,0.0,1.0,0.0,0.0,0.0,0.0,0.0,0.0,0.0,0.0,0.0,0.0,0.02515,0.02408,0.03484
soft close 5 min,step,0.05,0.68477,0.00468,0.98617,0.00171,1.80082,0.08754,0.06619,0.00341,0.214,0.01137,0.2134,0.01136,0.0478,0.00591,0.0,0.0,1.0,0.0,0.00764,0.00121,0.00517,0.00109,0.00764,0.00121,0.00517,0.00109,9.521,0.02509,0.02544,0.02959
"ArtSphere: hard close, ladder cap 50",dist,uniform,0.66483,0.00492,0.97503,0.00234,0.0,0.0,0.05539,0.00299,0.2524,0.01204,0.2516,0.01203,0.0848,0.00772,0.0924,0.00803,1.0,0.0,0.0,0.0,0.0,0.0,-0.00124,0.00039,-0.00078,0.00034,0.0,0.02522,0.02397,0.04073
"hard close, no cap",dist,uniform,0.66607,0.00494,0.97581,0.00232,0.0,0.0,0.05502,0.00298,0.2536,0.01206,0.2528,0.01205,0.0832,0.00766,0.0,0.0,1.0,0.0,0.00124,0.00039,0.00078,0.00034,0.0,0.0,0.0,0.0,0.0,0.02499,0.02397,0.04076
soft close 5 min,dist,uniform,0.67814,0.0048,0.98324,0.00191,2.23965,0.10139,0.06118,0.00325,0.2248,0.01157,0.2242,0.01156,0.0482,0.00594,0.0,0.0,1.0,0.0,0.01331,0.00157,0.00821,0.00145,0.01207,0.00153,0.00743,0.00141,9.691,0.02489,0.02601,0.03224
"ArtSphere: hard close, ladder cap 50",dist,lognormal,0.67222,0.00532,0.96498,0.00302,0.0,0.0,0.05338,0.00295,0.239,0.01182,0.2384,0.01181,0.0784,0.00745,0.0724,0.00718,1.0,0.0,0.0,0.0,0.0,0.0,-0.00179,0.00057,-0.00164,0.00066,0.0,0.05048,0.04024,0.05975
"hard close, no cap",dist,lognormal,0.67401,0.00541,0.96661,0.00296,0.0,0.0,0.05303,0.00294,0.2406,0.01185,0.24,0.01184,0.0778,0.00743,0.0,0.0,1.0,0.0,0.00179,0.00057,0.00164,0.00066,0.0,0.0,0.0,0.0,0.0,0.0507,0.04024,0.06
soft close 5 min,dist,lognormal,0.68635,0.00542,0.97528,0.00255,2.12566,0.09864,0.05876,0.00321,0.2128,0.01135,0.2124,0.01134,0.0466,0.00584,0.0,0.0,1.0,0.0,0.01413,0.00182,0.01031,0.00173,0.01234,0.00174,0.00867,0.0016,9.634,0.05036,0.04348,0.05186
"ArtSphere: hard close, ladder cap 50",dist,beta_low,0.34012,0.00373,0.96647,0.00321,0.0,0.0,0.0597,0.00315,0.2414,0.01186,0.241,0.01186,0.0654,0.00685,0.0048,0.00192,1.0,0.0,0.0,0.0,0.0,0.0,-7e-05,5e-05,-0.00011,0.00012,0.0,0.02706,0.02341,0.03685
"hard close, no cap",dist,beta_low,0.34019,0.00373,0.96658,0.0032,0.0,0.0,0.0597,0.00315,0.2414,0.01186,0.241,0.01186,0.0654,0.00685,0.0,0.0,1.0,0.0,7e-05,5e-05,0.00011,0.00012,0.0,0.0,0.0,0.0,0.0,0.02707,0.02341,0.03685
soft close 5 min,dist,beta_low,0.34646,0.00372,0.97462,0.00277,1.99215,0.09312,0.06484,0.00338,0.22,0.01148,0.2194,0.01147,0.0404,0.00546,0.0,0.0,1.0,0.0,0.00634,0.00098,0.00815,0.00169,0.00627,0.00098,0.00804,0.00168,9.58,0.027,0.02499,0.03247
"ArtSphere: hard close, ladder cap 50",late_frac,0.0,0.66483,0.00492,0.97503,0.00234,0.0,0.0,0.05539,0.00299,0.2524,0.01204,0.2516,0.01203,0.0848,0.00772,0.0924,0.00803,1.0,0.0,0.0,0.0,0.0,0.0,-0.00124,0.00039,-0.00078,0.00034,0.0,0.02522,0.02397,0.04073
"hard close, no cap",late_frac,0.0,0.66607,0.00494,0.97581,0.00232,0.0,0.0,0.05502,0.00298,0.2536,0.01206,0.2528,0.01205,0.0832,0.00766,0.0,0.0,1.0,0.0,0.00124,0.00039,0.00078,0.00034,0.0,0.0,0.0,0.0,0.0,0.02499,0.02397,0.04076
soft close 5 min,late_frac,0.0,0.67814,0.0048,0.98324,0.00191,2.23965,0.10139,0.06118,0.00325,0.2248,0.01157,0.2242,0.01156,0.0482,0.00594,0.0,0.0,1.0,0.0,0.01331,0.00157,0.00821,0.00145,0.01207,0.00153,0.00743,0.00141,9.691,0.02489,0.02601,0.03224
"ArtSphere: hard close, ladder cap 50",late_frac,0.3,0.64038,0.00536,0.96034,0.00306,0.0,0.0,0.06418,0.00317,0.275,0.01238,0.2684,0.01228,0.1014,0.00837,0.0982,0.00825,1.0,0.0,0.0,0.0,0.0,0.0,-0.00128,0.00039,-0.00064,0.00027,0.0,0.02654,0.02435,0.04707
"hard close, no cap",late_frac,0.3,0.64166,0.00538,0.96098,0.00305,0.0,0.0,0.06386,0.00316,0.2768,0.0124,0.2702,0.01231,0.1008,0.00835,0.0,0.0,1.0,0.0,0.00128,0.00039,0.00064,0.00027,0.0,0.0,0.0,0.0,0.0,0.02625,0.02436,0.04704
soft close 5 min,late_frac,0.3,0.66064,0.00509,0.97167,0.00257,2.7219,0.11397,0.07398,0.00355,0.2354,0.01176,0.2292,0.01165,0.0538,0.00625,0.0,0.0,1.0,0.0,0.02026,0.00213,0.01133,0.0019,0.01898,0.0021,0.01068,0.00189,9.97,0.02584,0.02731,0.03396
"ArtSphere: hard close, ladder cap 50",late_frac,0.6,0.61998,0.00578,0.94634,0.00372,0.0,0.0,0.0764,0.00336,0.2916,0.0126,0.28,0.01245,0.1144,0.00882,0.1044,0.00848,1.0,0.0,0.0,0.0,0.0,0.0,-0.00159,0.00043,-0.00073,0.00033,0.0,0.02767,0.02364,0.05309
"hard close, no cap",late_frac,0.6,0.62157,0.0058,0.94707,0.00371,0.0,0.0,0.07568,0.00333,0.2944,0.01263,0.2828,0.01248,0.1136,0.0088,0.0,0.0,1.0,0.0,0.00159,0.00043,0.00073,0.00033,0.0,0.0,0.0,0.0,0.0,0.02735,0.02362,0.053
soft close 5 min,late_frac,0.6,0.64882,0.00533,0.96218,0.00306,3.36127,0.13016,0.09425,0.00394,0.2422,0.01188,0.232,0.0117,0.057,0.00643,0.0,0.0,1.0,0.0,0.02883,0.00265,0.01584,0.00245,0.02724,0.00263,0.01511,0.00244,12.692,0.02647,0.02781,0.03486
